file name,start offset,end offset,dish name
./Debugging_stage/Set_P/review-030.txt,879,910,crispy rock shrimp
./Debugging_stage/Set_P/review-030.txt,957,992,fried shishito peppers
./Debugging_stage/Set_P/review-030.txt,1112,1139,croque señora
./Debugging_stage/Set_P/review-030.txt,1308,1328,ceviche
./Debugging_stage/Set_P/review-030.txt,1582,1607,"mango-
 cake"
./Debugging_stage/Set_P/review-031.txt,426,448,schnitzel
./Debugging_stage/Set_P/review-031.txt,1061,1082,spaetzle
./Debugging_stage/Set_P/review-031.txt,1156,1182,stack of ribs
./Debugging_stage/Set_P/review-031.txt,1294,1320,Freekeh salad
./Debugging_stage/Set_P/review-032.txt,62,86,Cold cheese
./Debugging_stage/Set_P/review-032.txt,681,703,foie gras
./Debugging_stage/Set_P/review-032.txt,832,859,shrimp tempura
./Debugging_stage/Set_P/review-032.txt,1587,1612,hamachi jaws
./Debugging_stage/Set_P/review-032.txt,1723,1743,Sashimi
./Debugging_stage/Set_P/review-032.txt,1748,1766,sushi
./Debugging_stage/Set_P/review-032.txt,2122,2151,sea-urchin chips
./Debugging_stage/Set_P/review-033.txt,165,191,arugula salad
./Debugging_stage/Set_P/review-033.txt,207,227,fusilli
./Debugging_stage/Set_P/review-033.txt,480,513,stracciatella cheese
./Debugging_stage/Set_P/review-033.txt,532,550,speck
./Debugging_stage/Set_P/review-033.txt,563,586,moscardini
./Debugging_stage/Set_P/review-033.txt,643,662,Tiella
./Debugging_stage/Set_P/review-033.txt,1153,1176,flat pasta
./Debugging_stage/Set_P/review-033.txt,1262,1292,salumi and cheese
./Debugging_stage/Set_P/review-033.txt,1391,1433,Chickpea fritters with cheese
./Debugging_stage/Set_P/review-033.txt,1689,1712,lamb chops
./Debugging_stage/Set_P/review-033.txt,1790,1808,salad
./Debugging_stage/Set_P/review-033.txt,1977,2000,sformatino
./Debugging_stage/Set_P/review-033.txt,2059,2091,Mediterranean orata
./Debugging_stage/Set_P/review-033.txt,2288,2334,simple pasta with sautéed shrimp
./Debugging_stage/Set_P/review-033.txt,2370,2432,"whole-wheat spaghetti, speck and wilted radicchio"
./Debugging_stage/Set_P/review-033.txt,2740,2765,ricotta cake
./Debugging_stage/Set_P/review-033.txt,2769,2790,tiramisu
./Debugging_stage/Set_P/review-034.txt,496,525,lime paneer roll
./Debugging_stage/Set_P/review-034.txt,1156,1178,behl pori
./Debugging_stage/Set_P/review-034.txt,1377,1399,Jaal mori
./Debugging_stage/Set_P/review-034.txt,1799,1824,chicken roll
./Debugging_stage/Set_P/review-035.txt,452,478,fried chicken
./Debugging_stage/Set_P/review-035.txt,530,558,pimiento cheese
./Debugging_stage/Set_P/review-035.txt,595,624,banana cream pie
./Debugging_stage/Set_P/review-035.txt,641,666,French fries
./Debugging_stage/Set_P/review-035.txt,679,725,"craggy, tangy buttermilk biscuits"
./Debugging_stage/Set_P/review-035.txt,732,752,Chicken
./Debugging_stage/Set_P/review-035.txt,872,900,mahogany chunks
./Debugging_stage/Set_P/review-035.txt,1002,1028,fried-chicken
./Debugging_stage/Set_P/review-035.txt,1543,1565,Chickwich
./Debugging_stage/Set_P/review-035.txt,1777,1805,mashed potatoes
./Debugging_stage/Set_P/review-035.txt,1839,1868,bland corn salad
./Debugging_stage/Set_P/review-035.txt,1874,1905,carrot-raisin slaw
./Debugging_stage/Set_P/review-035.txt,2059,2085,club sandwich
./Debugging_stage/Set_P/review-035.txt,2161,2193,fried chicken salad
./Debugging_stage/Set_P/review-036.txt,1665,1690,Greek burger
./Debugging_stage/Set_P/review-036.txt,1754,1778,veggie pita
./Debugging_stage/Set_P/review-036.txt,1843,1867,Greek fries
./Debugging_stage/Set_P/review-036.txt,1906,1926,pikilia
./Debugging_stage/Set_P/review-036.txt,1983,2008,taramosalata
./Debugging_stage/Set_P/review-036.txt,2010,2031,fish roe
./Debugging_stage/Set_P/review-036.txt,2080,2098,smoky
./Debugging_stage/Set_P/review-036.txt,2116,2152,roasted eggplant purée
./Debugging_stage/Set_P/review-037.txt,426,447,baguette
./Debugging_stage/Set_P/review-037.txt,610,636,sunflower-rye
./Debugging_stage/Set_P/review-037.txt,1177,1196,salami
./Debugging_stage/Set_P/review-037.txt,1258,1277,Athena
./Debugging_stage/Set_P/review-037.txt,1612,1643,almond-pear danish
./Debugging_stage/Set_P/review-037.txt,1901,1921,peaches
./Debugging_stage/Set_P/review-037.txt,1926,1950,raspberries
./Debugging_stage/Set_P/review-037.txt,1974,2003,Brie and lardons
./Debugging_stage/Set_P/review-037.txt,2014,2037,croissants
./Debugging_stage/Set_P/review-038.txt,503,537,chive-strewn potatoes
./Debugging_stage/Set_P/review-038.txt,544,566,cucumbers
./Debugging_stage/Set_P/review-038.txt,609,638,shredded cabbage
./Debugging_stage/Set_P/review-038.txt,879,935,rabbit and truffled yam open-faced sandwich
./Debugging_stage/Set_P/review-038.txt,1026,1050,tart apples
./Debugging_stage/Set_P/review-038.txt,1130,1160,chilled crab meat
./Debugging_stage/Set_P/review-038.txt,1243,1264,crostini
./Debugging_stage/Set_P/review-038.txt,1293,1323,fat smoked sprats
./Debugging_stage/Set_P/review-038.txt,1328,1358,boiled quail eggs
./Debugging_stage/Set_P/review-038.txt,1681,1708,chocolate bark
./Debugging_stage/Set_P/review-038.txt,1712,1741,sweet potato pie
./Debugging_stage/Set_P/review-039.txt,1087,1119,mozzarella sandwich
./Debugging_stage/Set_P/review-039.txt,1126,1153,English muffin
./Debugging_stage/Set_P/review-039.txt,1403,1422,kimchi
./Debugging_stage/Set_P/review-039.txt,1426,1448,fried egg
./Debugging_stage/Set_P/review-039.txt,1453,1494,crunchy chunks of pork belly
./Debugging_stage/Set_P/review-039.txt,1591,1617,Earl’s Eggo
./Debugging_stage/Set_P/review-039.txt,1770,1806,chewy Korean rice cakes
./Debugging_stage/Set_P/review-039.txt,1817,1843,Asian gnocchi
./Debugging_stage/Set_P/review-040.txt,812,838,fried oysters
./Debugging_stage/Set_P/review-040.txt,876,899,lamb chops
./Debugging_stage/Set_P/review-040.txt,1062,1096,Tennessee country ham
./Debugging_stage/Set_P/review-040.txt,1680,1703,short ribs
./Debugging_stage/Set_P/review-040.txt,1711,1730,shrimp
./Debugging_stage/Set_P/review-040.txt,1764,1791,fried potatoes
./Debugging_stage/Set_P/review-040.txt,1849,1878,brussels sprouts
./Debugging_stage/Set_P/review-041.txt,197,217,popcorn
./Debugging_stage/Set_P/review-041.txt,768,799,Spread Eagle plate
./Debugging_stage/Set_P/review-041.txt,815,841,fried chicken
./Debugging_stage/Set_P/review-041.txt,843,871,mashed potatoes
./Debugging_stage/Set_P/review-041.txt,876,893,cake
./Debugging_stage/Set_P/review-041.txt,1005,1026,crickets
./Debugging_stage/Set_P/review-041.txt,1364,1393,cheese empanadas
./Debugging_stage/Set_P/review-041.txt,1404,1437,greaseless turnovers
./Debugging_stage/Set_P/review-041.txt,1536,1559,puppy dogs
./Debugging_stage/Set_P/review-041.txt,1739,1758,burger
./Debugging_stage/Set_P/review-041.txt,1916,1953,grilled chicken sandwich
./Debugging_stage/Set_P/review-041.txt,2021,2048,Chewy brownies
./Debugging_stage/Set_P/review-042.txt,250,273,rice balls
./Debugging_stage/Set_P/review-042.txt,278,300,spaghetti
./Debugging_stage/Set_P/review-042.txt,305,327,meatballs
./Debugging_stage/Set_P/review-042.txt,733,751,ducks
./Debugging_stage/Set_P/review-042.txt,756,777,chickens
./Debugging_stage/Set_P/review-042.txt,779,796,fish
./Debugging_stage/Set_P/review-042.txt,984,1012,roasted carrots
./Debugging_stage/Set_P/review-042.txt,1014,1053,olive-oil smashed potatoes
./Debugging_stage/Set_P/review-042.txt,1055,1084,simmered spinach
./Debugging_stage/Set_P/review-042.txt,1309,1337,juicy pork loin
./Debugging_stage/Set_P/review-042.txt,1357,1377,carrots
./Debugging_stage/Set_P/review-042.txt,1434,1451,fish
./Debugging_stage/Set_P/review-042.txt,1476,1518,duck fat-fried potato nuggets
./Debugging_stage/Set_P/review-043.txt,326,343,udon
./Debugging_stage/Set_P/review-043.txt,491,520,sanuki kake udon
./Debugging_stage/Set_P/review-043.txt,700,720,tempura
./Debugging_stage/Set_P/review-043.txt,802,821,Shrimp
./Debugging_stage/Set_P/review-043.txt,841,863,whole egg
./Debugging_stage/Set_P/review-043.txt,906,928,niku udon
./Debugging_stage/Set_P/review-043.txt,977,994,beef
./Debugging_stage/Set_P/review-043.txt,999,1022,curry udon
./Debugging_stage/Set_P/review-043.txt,1109,1147,Ground pork and miso udon
./Debugging_stage/Set_P/review-043.txt,1257,1282,bukkake udon
./Debugging_stage/Set_P/review-043.txt,1627,1656,pickled mackerel
./Debugging_stage/Set_P/review-044.txt,273,292,shrimp
./Debugging_stage/Set_P/review-044.txt,538,559,rib-eyes
./Debugging_stage/Set_P/review-044.txt,564,588,hash browns
./Debugging_stage/Set_P/review-044.txt,922,956,shrimp with tomatillo
./Debugging_stage/Set_P/review-044.txt,958,984,fat crab meat
./Debugging_stage/Set_P/review-044.txt,1172,1195,Soft grits
./Debugging_stage/Set_P/review-044.txt,1201,1225,Gulf shrimp
./Debugging_stage/Set_P/review-044.txt,1288,1321,red-pepper crab cake
./Debugging_stage/Set_P/review-044.txt,1361,1386,baby spinach
./Debugging_stage/Set_P/review-044.txt,1388,1415,toasted pecans
./Debugging_stage/Set_P/review-044.txt,1422,1459,spicy orange vinaigrette
./Debugging_stage/Set_P/review-044.txt,1467,1490,Lamb chops
./Debugging_stage/Set_P/review-044.txt,1556,1591,corn-and-collards tart
./Debugging_stage/Set_P/review-044.txt,1617,1637,rib-eye
./Debugging_stage/Set_P/review-044.txt,1750,1775,French fries
./Debugging_stage/Set_P/review-044.txt,1796,1820,cauliflower
./Debugging_stage/Set_P/review-044.txt,1825,1849,goat-cheese
./Debugging_stage/Set_P/review-045.txt,887,909,dumplings
./Debugging_stage/Set_P/review-045.txt,979,1004,Duck lo mein
./Debugging_stage/Set_P/review-045.txt,1379,1401,Cantonese
./Debugging_stage/Set_P/review-045.txt,1508,1525,pork
./Debugging_stage/Set_P/review-045.txt,1531,1680,"lobster<dish> is sweeter than you might imagine. So is the sauce. Shower it with hot sauce and soy.
Do the same with <dish>egg foo young"
./Debugging_stage/Set_P/review-045.txt,1788,1817,black bean sauce
./Debugging_stage/Set_P/review-045.txt,1842,1865,white rice
./Debugging_stage/Set_P/review-046.txt,350,372,rillettes
./Debugging_stage/Set_P/review-046.txt,374,406,braised meat dishes
./Debugging_stage/Set_P/review-046.txt,638,667,brisket sandwich
./Debugging_stage/Set_P/review-046.txt,968,995,plateau de mer
./Debugging_stage/Set_P/review-046.txt,1097,1124,king crab legs
./Debugging_stage/Set_P/review-046.txt,1139,1159,oysters
./Debugging_stage/Set_P/review-046.txt,1161,1199,shrimp and cocktail sauce
./Debugging_stage/Set_P/review-046.txt,1201,1225,briny clams
./Debugging_stage/Set_P/review-046.txt,1306,1328,shellfish
./Debugging_stage/Set_P/review-046.txt,1504,1523,Caesar
./Debugging_stage/Set_P/review-046.txt,1540,1593,hot-smoked trout with cauliflower purée
./Debugging_stage/Set_P/review-046.txt,1610,1641,gummy clam chowder
./Debugging_stage/Set_P/review-046.txt,1662,1688,chicken liver
./Debugging_stage/Set_P/review-046.txt,1693,1722,foie gras pâté
./Debugging_stage/Set_P/review-046.txt,1768,1793,braised lamb
./Debugging_stage/Set_P/review-046.txt,1805,1829,pork gratin
./Debugging_stage/Set_P/review-046.txt,1873,1921,roasted monkfish with romesco sauce
./Debugging_stage/Set_P/review-047.txt,930,967,tuna tartare with olives
./Debugging_stage/Set_P/review-047.txt,1052,1070,bread
./Debugging_stage/Set_P/review-047.txt,1203,1240,roasted veal sweetbreads
./Debugging_stage/Set_P/review-047.txt,1314,1358,"frisée 
 with lardons of bacon"
./Debugging_stage/Set_P/review-047.txt,1365,1394,poached duck egg
./Debugging_stage/Set_P/review-047.txt,1473,1501,steak au poivre
./Debugging_stage/Set_P/review-047.txt,1523,1548,golden fries
./Debugging_stage/Set_P/review-047.txt,1594,1616,foie gras
./Debugging_stage/Set_P/review-047.txt,1696,1721,rack of lamb
./Debugging_stage/Set_P/review-048.txt,128,164,Roman square-cut pizzas
./Debugging_stage/Set_P/review-048.txt,737,755,tripe
./Debugging_stage/Set_P/review-048.txt,815,846,Crunchy bruschetta
./Debugging_stage/Set_P/review-048.txt,897,926,antipasto Romano
./Debugging_stage/Set_P/review-048.txt,977,1007,salumi e formaggi
./Debugging_stage/Set_P/review-048.txt,1035,1065,gran bu di bufala
./Debugging_stage/Set_P/review-048.txt,1392,1416,farro salad
./Debugging_stage/Set_P/review-048.txt,1459,1486,creamy burrata
./Debugging_stage/Set_P/review-048.txt,1591,1635,gnocchi with musky oxtail ragù
./Debugging_stage/Set_P/review-048.txt,1643,1705,pappardelle fragrant with beef stewed in red wine
./Debugging_stage/Set_P/review-048.txt,1739,1780,roast duck over oozy orzotto
./Debugging_stage/Set_P/review-048.txt,1833,1877,"matriciana, speckled with bacon"
./Debugging_stage/Set_P/review-049.txt,711,731,oysters
./Debugging_stage/Set_P/review-049.txt,1381,1423,pan-roasted squid and sausage
./Debugging_stage/Set_P/review-049.txt,1431,1465,Shrimp “cocktail”
./Debugging_stage/Set_P/review-049.txt,1644,1675,oysters Kilpatrick
./Debugging_stage/Set_P/review-049.txt,1900,1958,"Mushy pea fritters, served with minted yogurt"
./Debugging_stage/Set_P/review-050.txt,539,565,veal spiedini
./Debugging_stage/Set_P/review-050.txt,665,695,Green lentil soup
./Debugging_stage/Set_P/review-050.txt,794,851,heirloom carrots are enriched with hazelnuts
./Debugging_stage/Set_P/review-050.txt,871,898,branzino crudo
./Debugging_stage/Set_P/review-050.txt,974,992,pasta
./Debugging_stage/Set_P/review-050.txt,1012,1033,rigatoni
./Debugging_stage/Set_P/review-050.txt,1148,1172,meaty fluke
./Debugging_stage/Set_P/review-050.txt,1257,1285,Bone-in chicken
./Debugging_stage/Set_P/review-050.txt,1338,1358,polenta
./Debugging_stage/Set_P/review-050.txt,1382,1405,sandwiches
./Debugging_stage/Set_P/review-050.txt,1413,1436,Fried eggs
./Debugging_stage/Set_P/review-050.txt,1536,1560,sesame roll
./Debugging_stage/Set_P/review-050.txt,1732,1751,Salads
./Debugging_stage/Set_P/review-050.txt,1951,1986,dark chocolate pudding
./Debugging_stage/Set_P/review-051.txt,229,283,lamb and beef meatballs with sesame cream
./Debugging_stage/Set_P/review-051.txt,291,330,cured tongue with couscous
./Debugging_stage/Set_P/review-051.txt,341,388,roasted leaves of brussels sprouts
./Debugging_stage/Set_P/review-051.txt,394,438,herb-marinated butternut squash
./Debugging_stage/Set_P/review-051.txt,1295,1383,"tiny beet cubes, pickled 
, frisée, earthy chestnut cream and spicy cheese"
./Debugging_stage/Set_P/review-051.txt,1561,1589,Zucchini slices
./Debugging_stage/Set_P/review-051.txt,1688,1720,vegetable antipasti
./Debugging_stage/Set_P/review-051.txt,1764,1807,melted red cabbage and turnips
./Debugging_stage/Set_P/review-051.txt,1863,1886,roast pork
./Debugging_stage/Set_P/review-051.txt,2054,2074,cannoli
./Debugging_stage/Set_P/review-051.txt,2189,2212,cheesecake
./Debugging_stage/Set_P/review-051.txt,2326,2354,rosemary gelato
./Debugging_stage/Set_P/review-052.txt,264,296,cabbage and sausage
./Debugging_stage/Set_P/review-052.txt,1165,1201,cured meats and cheeses
./Debugging_stage/Set_P/review-052.txt,1259,1288,roasted sausages
./Debugging_stage/Set_P/review-052.txt,1444,1470,pork shoulder
./Debugging_stage/Set_P/review-052.txt,1580,1608,fried shiitakes
./Debugging_stage/Set_P/review-052.txt,1736,1766,Tyrolean niçoise
./Debugging_stage/Set_P/review-052.txt,1774,1798,Skirt steak
./Debugging_stage/Set_P/review-052.txt,1809,1841,roasted fish fillet
./Debugging_stage/Set_P/review-053.txt,536,554,Tacos
./Debugging_stage/Set_P/review-053.txt,593,620,braised tongue
./Debugging_stage/Set_P/review-053.txt,727,763,smoky red morita pepper
./Debugging_stage/Set_P/review-053.txt,768,803,creamy green tomatillo
./Debugging_stage/Set_P/review-053.txt,845,867,guacamole
./Debugging_stage/Set_P/review-053.txt,1106,1128,pork chop
./Debugging_stage/Set_P/review-053.txt,1205,1238,herb-roasted chicken
./Debugging_stage/Set_P/review-053.txt,1321,1352,Pan-seared tilapia
./Debugging_stage/Set_P/review-053.txt,1461,1492,Seafood enchiladas
./Debugging_stage/Set_P/review-053.txt,1568,1610,tortilla chips in chilaquiles
./Debugging_stage/Set_P/review-053.txt,1988,2008,churros
./Debugging_stage/Set_P/review-054.txt,779,800,crostini
./Debugging_stage/Set_P/review-054.txt,1437,1460,pork aspic
./Debugging_stage/Set_P/review-054.txt,2075,2118,penne with roasted cauliflower
./Debugging_stage/Set_P/review-054.txt,2148,2172,pasta rings
./Debugging_stage/Set_P/review-054.txt,2296,2330,una marea di formaggi
./Debugging_stage/Set_P/review-054.txt,2490,2513,spaghettis
./Debugging_stage/Set_P/review-054.txt,2710,2733,clam pasta
./Debugging_stage/Set_P/review-054.txt,2785,2805,lasagna
./Debugging_stage/Set_P/review-054.txt,2816,2845,plump maccheroni
./Debugging_stage/Set_P/review-054.txt,2998,3047,wine-braised beef shank with polenta
./Debugging_stage/Set_P/review-054.txt,3062,3084,pork chop
./Debugging_stage/Set_P/review-054.txt,3169,3202,lemon olive oil cake
./Debugging_stage/Set_P/review-054.txt,3204,3238,chocolate-walnut cake
./Debugging_stage/Set_P/review-054.txt,3243,3267,panna cotta
./Debugging_stage/Set_P/review-055.txt,1275,1303,cochinita pibil
./Debugging_stage/Set_P/review-055.txt,1463,1486,quesadilla
./Debugging_stage/Set_P/review-055.txt,1655,1676,guisados
./Debugging_stage/Set_P/review-055.txt,1956,1992,crab-and-mango tostadas
./Debugging_stage/Set_P/review-056.txt,980,998,pasta
./Debugging_stage/Set_P/review-056.txt,1543,1577,sautéed bay scallops
./Debugging_stage/Set_P/review-056.txt,1659,1689,fresh tagliatelle
./Debugging_stage/Set_P/review-057.txt,806,836,one-pound lobster
./Debugging_stage/Set_P/review-057.txt,860,893,roasted garlic aioli
./Debugging_stage/Set_P/review-057.txt,917,941,fluke crudo
./Debugging_stage/Set_P/review-057.txt,1136,1163,pain au levain
./Debugging_stage/Set_P/review-057.txt,1373,1405,Gruyère-and-surimi
./Debugging_stage/Set_P/review-057.txt,1536,1571,Sweet littleneck clams
./Debugging_stage/Set_P/review-057.txt,1692,1712,brisket
./Debugging_stage/Set_P/review-057.txt,1760,1794,fried oyster sandwich
./Debugging_stage/Set_P/review-058.txt,81,101,Churros
./Debugging_stage/Set_P/review-058.txt,1056,1076,bikinis
./Debugging_stage/Set_P/review-058.txt,1266,1286,bocatas
./Debugging_stage/Set_P/review-058.txt,1340,1375,crunchy calamari loops
./Debugging_stage/Set_P/review-059.txt,468,486,pizza
./Debugging_stage/Set_P/review-059.txt,519,547,sausage sliders
./Debugging_stage/Set_P/review-059.txt,566,600,jicama and corn-shoot
./Debugging_stage/Set_P/review-059.txt,742,771,fresh kale salad
./Debugging_stage/Set_P/review-059.txt,819,849,wood-fired pizzas
./Debugging_stage/Set_P/review-059.txt,871,908,San Marzano tomato sauce
./Debugging_stage/Set_P/review-059.txt,923,947,orecchiette
./Debugging_stage/Set_P/review-059.txt,1021,1043,crab meat
./Debugging_stage/Set_P/review-059.txt,1080,1110,Dixie-fied Cubano
./Debugging_stage/Set_P/review-059.txt,1196,1215,burger
./Debugging_stage/Set_P/review-059.txt,1718,1759,hot lemon-blueberry zeppoles
./Debugging_stage/Set_P/review-059.txt,1806,1829,lemon curd
./Debugging_stage/Set_P/review-059.txt,1845,1877,beer-salted caramel
./Debugging_stage/Set_P/review-059.txt,1952,1978,Evil Twin Yin
./Debugging_stage/Set_P/review-059.txt,2009,2036,imperial stout
./Debugging_stage/Set_P/review-060.txt,905,937,frisée aux lardons
./Debugging_stage/Set_P/review-060.txt,1018,1050,metallic onion soup
./Debugging_stage/Set_P/review-060.txt,1072,1090,toast
./Debugging_stage/Set_P/review-060.txt,1151,1183,Ça Va steak frites
./Debugging_stage/Set_P/review-060.txt,1335,1361,crispy rabbit
./Debugging_stage/Set_P/review-061.txt,94,112,steak
./Debugging_stage/Set_P/review-061.txt,621,650,veal sweetbreads
./Debugging_stage/Set_P/review-061.txt,812,849,24-ounce bone-in rib-eye
./Debugging_stage/Set_P/review-061.txt,1150,1168,wagyu
./Debugging_stage/Set_P/review-061.txt,1248,1283,bone-in New York strip
./Debugging_stage/Set_P/review-061.txt,1492,1514,veal chop
./Debugging_stage/Set_P/review-061.txt,1595,1614,burger
./Debugging_stage/Set_P/review-061.txt,1683,1727,grapefruit and honey cheesecake
./Debugging_stage/Set_P/review-062.txt,724,750,frisée salad
./Debugging_stage/Set_P/review-062.txt,820,856,skillet-roasted chicken
./Debugging_stage/Set_P/review-062.txt,958,976,skate
./Debugging_stage/Set_P/review-063.txt,206,240,Speedy Romeo’s pies
./Debugging_stage/Set_P/review-063.txt,557,575,pizza
./Debugging_stage/Set_P/review-064.txt,1155,1179,smoked fish
./Debugging_stage/Set_P/review-064.txt,1280,1310,filet of sturgeon
./Debugging_stage/Set_P/review-064.txt,1848,1868,pelmeni
./Debugging_stage/Set_P/review-065.txt,184,213,bangers and mash
./Debugging_stage/Set_P/review-065.txt,234,266,Victoria spongecake
./Debugging_stage/Set_P/review-065.txt,345,366,crumpets
./Debugging_stage/Set_P/review-065.txt,371,392,kedgeree
./Debugging_stage/Set_P/review-065.txt,404,429,parsnip soup
./Debugging_stage/Set_P/review-065.txt,439,461,meat pies
./Debugging_stage/Set_P/review-065.txt,1134,1157,sandwiches
./Debugging_stage/Set_P/review-065.txt,1405,1438,steak and kidney pie
./Debugging_stage/Set_P/review-065.txt,1555,1578,Scotch egg
./Debugging_stage/Set_P/review-065.txt,1843,1879,chocolate-sea salt tart
./Debugging_stage/Set_P/review-065.txt,1944,1971,toffee pudding
./Debugging_stage/Set_P/review-066.txt,687,716,oxtail marmalade
./Debugging_stage/Set_P/review-066.txt,721,747,rabbit confit
./Debugging_stage/Set_P/review-066.txt,1000,1037,anchovies piled on toast
./Debugging_stage/Set_P/review-066.txt,1145,1165,lentils
./Debugging_stage/Set_P/review-066.txt,1170,1187,kale
./Debugging_stage/Set_P/review-066.txt,1414,1466,"potpie of chicken, rabbit and mushrooms"
./Debugging_stage/Set_P/review-066.txt,1474,1512,"blue 
 in a pool of honey"
./Debugging_stage/Set_P/review-066.txt,1519,1586,oily-soft bread with crisp shreds of bittersweet onion
./Debugging_stage/Set_P/review-066.txt,1612,1632,mussels
./Debugging_stage/Set_P/review-066.txt,1792,1811,omelet
./Debugging_stage/Set_P/review-066.txt,1829,1865,horseradish cream sauce
./Debugging_stage/Set_P/review-066.txt,1883,1912,chocolate mousse
./Debugging_stage/Set_P/review-067.txt,117,137,falafel
./Debugging_stage/Set_P/review-067.txt,402,428,chickpea orbs
./Debugging_stage/Set_P/review-067.txt,1208,1240,eggplant à la Yafa
./Debugging_stage/Set_P/review-068.txt,334,353,bo zai
./Debugging_stage/Set_P/review-068.txt,805,833,Chinese sausage
./Debugging_stage/Set_P/review-068.txt,835,859,minced pork
./Debugging_stage/Set_P/review-068.txt,864,888,fatty bacon
./Debugging_stage/Set_P/review-068.txt,925,972,Chinese sausage and preserved duck
./Debugging_stage/Set_P/review-068.txt,1344,1385,silver fish with pepper salt
./Debugging_stage/Set_P/review-068.txt,1472,1490,salad
./Debugging_stage/Set_P/review-068.txt,1500,1532,sautéed pea shoots
./Debugging_stage/Set_P/review-068.txt,1580,1603,crispy pig
./Debugging_stage/Set_P/review-068.txt,1632,1675,Milk and egg-white ginger flan
./Debugging_stage/Set_P/review-068.txt,1736,1779,black-sesame-filled rice balls
./Debugging_stage/Set_P/review-069.txt,994,1023,Roman lamb chops
./Debugging_stage/Set_P/review-069.txt,1031,1067,tortellini from Bologna
./Debugging_stage/Set_P/review-069.txt,1078,1112,Piedmontese bean stew
./Debugging_stage/Set_P/review-069.txt,1180,1199,Salumi
./Debugging_stage/Set_P/review-069.txt,1371,1399,vitello tonnato
./Debugging_stage/Set_P/review-069.txt,1499,1563,tortelloni stuffed with smoked and fresh mozzarella
./Debugging_stage/Set_P/review-069.txt,1700,1730,thin-crust pizzas
./Debugging_stage/Set_P/review-069.txt,1828,1850,Tiramisù
./Debugging_stage/Set_P/review-069.txt,1852,1875,ice creams
./Debugging_stage/Set_P/review-069.txt,1877,1897,sorbets
./Debugging_stage/Set_P/review-069.txt,1936,1960,bongo-bongo
./Debugging_stage/Set_P/review-069.txt,2005,2031,pine nut tart
./Debugging_stage/Set_P/review-070.txt,64,85,Pastrami
./Debugging_stage/Set_P/review-070.txt,370,398,deli sandwiches
./Debugging_stage/Set_P/review-070.txt,670,698,beef sandwiches
./Debugging_stage/Set_P/review-070.txt,981,1002,sandwich
./Debugging_stage/Set_P/review-070.txt,1129,1149,brisket
./Debugging_stage/Set_P/review-070.txt,1601,1624,wallflower
./Debugging_stage/Set_P/review-071.txt,1023,1045,crab meat
./Debugging_stage/Set_P/review-071.txt,1050,1073,sea urchin
./Debugging_stage/Set_P/review-071.txt,1080,1101,eggplant
./Debugging_stage/Set_P/review-071.txt,1106,1128,chickpeas
./Debugging_stage/Set_P/review-071.txt,1258,1286,smoked eggplant
./Debugging_stage/Set_P/review-071.txt,1351,1373,flatbread
./Debugging_stage/Set_P/review-071.txt,1380,1417,whole fried grape leaves
./Debugging_stage/Set_P/review-071.txt,1425,1454,chili-walnut dip
./Debugging_stage/Set_P/review-071.txt,1465,1489,fried squid
./Debugging_stage/Set_P/review-071.txt,1627,1660,sesame-studded pitas
./Debugging_stage/Set_P/review-071.txt,1841,1865,adana kebab
./Debugging_stage/Set_P/review-071.txt,1867,1891,lamb ground
./Debugging_stage/Set_P/review-071.txt,1985,2017,crisp phyllo shreds
./Debugging_stage/Set_P/review-072.txt,180,213,raw and tempura kale
./Debugging_stage/Set_P/review-072.txt,756,781,mizuna salad
./Debugging_stage/Set_P/review-072.txt,894,923,Brussels sprouts
./Debugging_stage/Set_P/review-072.txt,995,1020,pork banh mi
./Debugging_stage/Set_P/review-072.txt,1114,1148,fried-eggplant slider
./Debugging_stage/Set_P/review-072.txt,1184,1210,Chicken wings
./Debugging_stage/Set_P/review-072.txt,1356,1374,ramen
./Debugging_stage/Set_P/review-073.txt,57,100,horseradish and bacon sandwich
./Debugging_stage/Set_P/review-073.txt,351,399,Spanish peanuts and pickled carrots
./Debugging_stage/Set_P/review-073.txt,406,449,Crisp toast and melted Cheddar
./Debugging_stage/Set_P/review-073.txt,464,495,rotisserie chicken
./Debugging_stage/Set_P/review-073.txt,1063,1097,chopped liver stuffed
./Debugging_stage/Set_P/review-073.txt,1127,1170,chocolate-covered marshmallows
./Debugging_stage/Set_P/review-073.txt,1175,1196,pretzels
./Debugging_stage/Set_P/review-073.txt,1220,1241,hot dogs
./Debugging_stage/Set_P/review-073.txt,1278,1315,hard-boiled-egg sandwich
./Debugging_stage/Set_P/review-073.txt,1428,1459,polenta with ramps
./Debugging_stage/Set_P/review-073.txt,1466,1504,sautéed soft-shell crabs
./Debugging_stage/Set_P/review-073.txt,1515,1538,whole fish
./Debugging_stage/Set_P/review-073.txt,1639,1664,bracing kale
./Debugging_stage/Set_P/review-073.txt,2096,2114,bread
./Debugging_stage/Set_P/review-073.txt,2116,2135,pastry
./Debugging_stage/Set_P/review-073.txt,2159,2178,babkas
./Debugging_stage/Set_P/review-073.txt,2184,2217,fresh cake doughnuts
./Debugging_stage/Set_P/review-074.txt,990,1007,pies
./Debugging_stage/Set_P/review-074.txt,1012,1033,calzones
./Debugging_stage/Set_P/review-074.txt,1295,1329,wide and bubbling pie
./Debugging_stage/Set_P/review-075.txt,673,693,goulash
./Debugging_stage/Set_P/review-075.txt,703,752,quark dumplings with buttery spinach
./Debugging_stage/Set_P/review-075.txt,1514,1580,yellowtail with avocado and  Austrian pumpkinseed oil
./Debugging_stage/Set_P/review-075.txt,1623,1682,egg salad sandwich showered with fiery paprika
./Debugging_stage/Set_P/review-075.txt,1777,1833,spaetzle pan-fried with shrimp and broccoli
./Debugging_stage/Set_P/review-106.txt,1379,1427,"Guinean stew of sweet potato
leaves"
./Debugging_stage/Set_P/review-106.txt,2396,2419,lamb shank
./Debugging_stage/Set_P/review-106.txt,2537,2576,tilapia mobbed with ginger
./Debugging_stage/Set_P/review-106.txt,2578,2618,chicken slapped with spices
./Debugging_stage/Set_P/review-107.txt,1509,1532,beet salad
./Debugging_stage/Set_P/review-107.txt,1569,1593,duck confit
./Debugging_stage/Set_P/review-107.txt,1615,1647,pan-roasted halibut
./Debugging_stage/Set_P/review-107.txt,1685,1713,roasted chicken
./Debugging_stage/Set_P/review-107.txt,2159,2179,sliders
./Debugging_stage/Set_P/review-107.txt,2290,2320,meatloaf sandwich
./Debugging_stage/Set_P/review-107.txt,2600,2624,duck breast
./Debugging_stage/Set_P/review-107.txt,2629,2654,hanger steak
./Debugging_stage/Set_P/review-107.txt,4128,4146,salad
./Debugging_stage/Set_P/review-107.txt,4375,4398,pork belly
./Debugging_stage/Set_P/review-107.txt,4996,5016,lasagna
./Debugging_stage/Set_P/review-107.txt,6467,6498,pork belly sliders
./Debugging_stage/Set_P/review-107.txt,6500,6530,meatloaf sandwich
./Debugging_stage/Set_P/review-107.txt,6532,6563,grilled pork belly
./Debugging_stage/Set_P/review-107.txt,6565,6599,smoked sturgeon salad
./Debugging_stage/Set_P/review-107.txt,6601,6633,grilled duck breast
./Debugging_stage/Set_P/review-107.txt,6635,6663,roasted chicken
./Debugging_stage/Set_P/review-108.txt,404,422,wahoo
./Debugging_stage/Set_P/review-108.txt,4226,4251,Caesar salad
./Debugging_stage/Set_P/review-108.txt,4320,4352,roasted duck breast
./Debugging_stage/Set_P/review-108.txt,4797,4821,melon salad
./Debugging_stage/Set_P/review-108.txt,4930,4951,Croutons
./Debugging_stage/Set_P/review-109.txt,988,1007,crepes
./Debugging_stage/Set_P/review-109.txt,1055,1087,chicken forestière
./Debugging_stage/Set_P/review-109.txt,1507,1536,chicken sandwich
./Debugging_stage/Set_P/review-109.txt,2421,2448,fish and chips
./Debugging_stage/Set_P/review-109.txt,2623,2643,Burgers
./Debugging_stage/Set_P/review-109.txt,2878,2903,French fries
./Debugging_stage/Set_P/review-109.txt,3813,3842,chocolate mousse
./Debugging_stage/Set_P/review-109.txt,3844,3889,"tiramisù
with strata of Nutella"
./Debugging_stage/Set_P/review-109.txt,3891,3939,mascarpone buoyed by whipping cream
./Debugging_stage/Set_P/review-109.txt,3945,3975,crushed speculoos
./Debugging_stage/Set_P/review-109.txt,3977,4017,"Belgian
shortbread biscuits"
./Debugging_stage/Set_P/review-109.txt,4101,4127,custard tarts
./Debugging_stage/Set_P/review-110.txt,80,103,fried rice
./Debugging_stage/Set_P/review-110.txt,2661,2688,scrambled eggs
./Debugging_stage/Set_P/review-110.txt,2830,2865,sweet-salty lap cheung
./Debugging_stage/Set_P/review-110.txt,2899,2954,bacon and baby shrimp sluiced with vinegar
./Debugging_stage/Set_P/review-110.txt,3693,3728,hard-boiled quail eggs
./Debugging_stage/Set_P/review-111.txt,815,850,noodle soup called pho
./Debugging_stage/Set_P/review-111.txt,1230,1250,banh mi
./Debugging_stage/Set_P/review-111.txt,1303,1326,sandwiches
./Debugging_stage/Set_P/review-111.txt,1499,1544,salad rolls with shrimp and pork
./Debugging_stage/Set_P/review-111.txt,1551,1590,crispy crab and pork rolls
./Debugging_stage/Set_P/review-111.txt,1606,1658,"cabbage
and   salad with prawn crackers"
./Debugging_stage/Set_P/review-112.txt,295,323,veal blanquette
./Debugging_stage/Set_P/review-112.txt,582,605,kale salad
./Debugging_stage/Set_P/review-112.txt,1707,1733,French boudin
./Debugging_stage/Set_P/review-112.txt,2080,2117,grilled branzino fillets
./Debugging_stage/Set_P/review-112.txt,2365,2391,plats du jour
./Debugging_stage/Set_P/review-112.txt,2732,2770,buckwheat-scallion crepes
./Debugging_stage/Set_P/review-112.txt,2795,2814,crepes
./Debugging_stage/Set_P/review-112.txt,3005,3028,pot au pho
./Debugging_stage/Set_P/review-112.txt,3096,3128,brown beef bouillon
./Debugging_stage/Set_P/review-112.txt,3854,3889,milk-chocolate mousse 
./Debugging_stage/Set_P/review-113.txt,2795,2820,roasted beet
./Debugging_stage/Set_P/review-113.txt,2968,3000,peppery green salad
./Debugging_stage/Set_P/review-113.txt,3622,3648,steak tartare
./Debugging_stage/Set_P/review-113.txt,3696,3732,crisp-cooked artichokes
./Debugging_stage/Set_P/review-113.txt,4093,4115,pork chop
./Debugging_stage/Set_P/review-113.txt,4521,4562,short rigatoni with pancetta
./Debugging_stage/Set_P/review-113.txt,5310,5338,Steamed mussels
./Debugging_stage/Set_P/review-113.txt,5711,5767,roast chicken with crisp little fingerlings
./Debugging_stage/Set_P/review-114.txt,443,472,Spanish mackerel
./Debugging_stage/Set_P/review-114.txt,1311,1342,roasted satsumaimo
./Debugging_stage/Set_P/review-114.txt,3049,3074,beef tartare
./Debugging_stage/Set_P/review-114.txt,3721,3759,"stew of merguez
meatballs"
./Debugging_stage/Set_P/review-114.txt,4713,4738,butter curls
./Debugging_stage/Set_P/review-115.txt,2202,2242,"creamy chicken-liver
mousse"
./Debugging_stage/Set_P/review-115.txt,2254,2291,briny peekytoe crab meat
./Debugging_stage/Set_P/review-115.txt,2298,2357,roasted portobellos scented with celery leaves
./Debugging_stage/Set_P/review-115.txt,2722,2776,"shaved fluke with grapefruit and
tarragon"
./Debugging_stage/Set_P/review-115.txt,2929,2964,baby leeks vinaigrette
./Debugging_stage/Set_P/review-115.txt,3270,3305,Oven-roasted asparagus
./Debugging_stage/Set_P/review-115.txt,3352,3382,Treviso radicchio
./Debugging_stage/Set_P/review-115.txt,3786,3820,"weet
mackerel sashimi"
./Debugging_stage/Set_P/review-115.txt,3881,3900,Pastas
./Debugging_stage/Set_P/review-115.txt,3957,4016,black-pepper-showered cavatelli with guanciale
./Debugging_stage/Set_P/review-115.txt,4066,4085,pizzas
./Debugging_stage/Set_P/review-115.txt,5099,5141,"teamed halibut
with shiitakes"
./Debugging_stage/Set_P/review-115.txt,5228,5252,strip steak
./Debugging_stage/Set_P/review-115.txt,5484,5506,hamburger
./Debugging_stage/Set_P/review-115.txt,6068,6122,sundae comprised of salted caramel-peanut
./Debugging_stage/Set_P/review-115.txt,6129,6157,candied popcorn
./Debugging_stage/Set_P/review-116.txt,1262,1296,Black truffle risotto
./Debugging_stage/Set_P/review-116.txt,2240,2272,dark chocolate tart
./Debugging_stage/Set_P/review-116.txt,2398,2430,tortellini in brodo
./Debugging_stage/Set_P/review-116.txt,2623,2651,aged-duck ragù
./Debugging_stage/Set_P/review-116.txt,3164,3193,Sea urchin pasta
./Debugging_stage/Set_P/review-116.txt,3746,3774,saffron risotto
./Debugging_stage/Set_P/review-116.txt,4210,4245,hamachi in a soy sauce
./Debugging_stage/Set_P/review-116.txt,4412,4429,veal
./Debugging_stage/Set_P/review-116.txt,4841,4893,"Panna
cotta flavored with Fernet-Branca"
./Debugging_stage/Set_P/review-117.txt,172,194,tuna poke
./Debugging_stage/Set_P/review-117.txt,1640,1675,monkfish liver torchon
./Debugging_stage/Set_P/review-117.txt,2149,2175,garlic shrimp
./Debugging_stage/Set_P/review-117.txt,2746,2783,panko-crusted croquettes
./Debugging_stage/Set_P/review-117.txt,3007,3044,crumbled Chinese sausage
./Debugging_stage/Set_P/review-117.txt,4132,4162,smoked butterfish
./Debugging_stage/Set_P/review-117.txt,5608,5641,cardamom panna cotta
./Debugging_stage/Set_P/review-117.txt,5706,5736,"fried beef
tendon"
./Debugging_stage/Set_P/review-117.txt,5814,5843,bacon tater tots
./Debugging_stage/Set_P/review-118.txt,1153,1185,frisée and lardons
./Debugging_stage/Set_P/review-118.txt,1288,1338,"pissaladière topped with
limp onions"
./Debugging_stage/Set_P/review-118.txt,1398,1428,celery rémoulade
./Debugging_stage/Set_P/review-118.txt,1958,1982,Skirt steak
./Debugging_stage/Set_P/review-118.txt,2017,2054,Pasta with fiery merguez
./Debugging_stage/Set_P/review-118.txt,2102,2148,burger stuffed with white Cheddar
./Debugging_stage/Set_P/review-118.txt,2311,2348,Shaved roast leg of lamb
./Debugging_stage/Set_P/review-118.txt,4801,4828,cucumber salad
./Debugging_stage/Set_P/review-118.txt,5212,5243,salt-cod casserole
./Debugging_stage/Set_P/review-118.txt,5335,5365,pork-belly confit
./Debugging_stage/Set_P/review-118.txt,6816,6847,Grilled vegetables
./Debugging_stage/Set_P/review-118.txt,6849,6877,"shrimp
cocktail"
./Debugging_stage/Set_P/review-119.txt,738,764,lemony hummus
./Debugging_stage/Set_P/review-119.txt,766,808,yogurt-coated eggplant dolmas
./Debugging_stage/Set_P/review-119.txt,813,850,canapés of spiced meats
./Debugging_stage/Set_P/review-119.txt,3283,3339,"subereg, a labor-intensive lasagna variant,"
./Debugging_stage/Set_P/review-119.txt,3344,3365,basterma
./Debugging_stage/Set_P/review-119.txt,3868,3906,"beef salami called
soujuk"
./Debugging_stage/Set_P/review-119.txt,4372,4399,grilled prawns
./Debugging_stage/Set_P/review-119.txt,4960,4985,kebbe sajieh
./Debugging_stage/Set_P/review-119.txt,5227,5258,moutabbal Almayass
./Debugging_stage/Set_P/review-119.txt,5296,5319,mouhammara
./Debugging_stage/Set_P/review-120.txt,1901,1957,white shrimp bathed in a vivid citrus sauce
./Debugging_stage/Set_P/review-120.txt,2602,2641,vegetables with brown rice
./Debugging_stage/Set_P/review-120.txt,4466,4490,fried squid
./Debugging_stage/Set_P/review-120.txt,4858,4880,tortillas
./Debugging_stage/Set_P/review-120.txt,5008,5061,tempura-fried fish with spicy mayonnaise
./Debugging_stage/Set_P/review-120.txt,5163,5191,pork-based taco
./Debugging_stage/Set_P/review-121.txt,340,369,"fried
artichokes"
./Debugging_stage/Set_P/review-121.txt,851,883,La Vara’s fideuà
./Debugging_stage/Set_P/review-121.txt,1101,1130,clams and shrimp
./Debugging_stage/Set_P/review-121.txt,2232,2252,skewers
./Debugging_stage/Set_P/review-121.txt,2254,2274,noodles
./Debugging_stage/Set_P/review-121.txt,2393,2428,chickpea-spinach stews
./Debugging_stage/Set_P/review-121.txt,2584,2619,grilled chicken hearts
./Debugging_stage/Set_P/review-121.txt,2843,2871,deep-fried fish
./Debugging_stage/Set_P/review-121.txt,2990,3016,raya en adobo
./Debugging_stage/Set_P/review-121.txt,4649,4687,crisp and creamy croqueta
./Debugging_stage/Set_P/review-121.txt,4693,4730,"single oil-cured
sardine"
./Debugging_stage/Set_P/review-121.txt,5432,5468,stewed bacon sandwiches
./Debugging_stage/Set_P/review-121.txt,5474,5533,thin and meek ajo blanco with strands of squid
./Debugging_stage/Set_P/review-121.txt,5674,5706,griddled red shrimp
./Debugging_stage/Set_P/review-121.txt,5875,5909,pasta called gurullos
./Debugging_stage/Set_P/review-122.txt,520,539,burger
./Debugging_stage/Set_P/review-122.txt,999,1028,Salvation Burger
./Debugging_stage/Set_P/review-122.txt,1232,1255,beef jerky
./Debugging_stage/Set_P/review-122.txt,2606,2676,patty of carrots and lentils threaded by clear vermicelli
./Debugging_stage/Set_P/review-122.txt,2853,2885,fried fish sandwich
./Debugging_stage/Set_P/review-122.txt,3555,3583,Italian sausage
./Debugging_stage/Set_P/review-122.txt,3667,3687,hot dog
./Debugging_stage/Set_P/review-122.txt,6229,6264,smoked haddock chowder
./Debugging_stage/Set_P/review-123.txt,154,183,"green tomato
pie"
./Debugging_stage/Set_P/review-123.txt,2087,2117,hot pretzel rolls
./Debugging_stage/Set_P/review-123.txt,3132,3169,golden pan-fried patties
./Debugging_stage/Set_P/review-123.txt,3330,3353,crab cakes
./Debugging_stage/Set_P/review-123.txt,3359,3413,"hungry farmhand’s salad of
string beans"
./Debugging_stage/Set_P/review-123.txt,3515,3533,pasta
./Debugging_stage/Set_P/review-123.txt,4447,4491,noodles made from einkorn wheat
./Debugging_stage/Set_P/review-123.txt,4624,4646,corn mush
./Debugging_stage/Set_P/review-123.txt,4746,4771,Corn pudding
./Debugging_stage/Set_P/review-123.txt,4884,4908,ratatouille
./Debugging_stage/Set_P/review-123.txt,5220,5257,duck breast with rhubarb
./Debugging_stage/Set_P/review-123.txt,5754,5781,chocolate cake
./Debugging_stage/Set_P/review-123.txt,5802,5830,peach shortcake
./Debugging_stage/Set_P/review-123.txt,6226,6259,Tristar strawberries
./Debugging_stage/Set_P/review-124.txt,1548,1569,tortilla
./Debugging_stage/Set_P/review-124.txt,2884,2907,pork rinds
./Debugging_stage/Set_P/review-124.txt,2939,2994,guacamole and chips served with two salsas
./Debugging_stage/Set_P/review-124.txt,3327,3359,"soft, briny
octopus"
./Debugging_stage/Set_P/review-124.txt,3724,3759,"green crumbled
chorizo"
./Debugging_stage/Set_P/review-124.txt,3822,3841,Salads
./Debugging_stage/Set_P/review-124.txt,3963,4026,green beans with cucumbers and a poached quail egg
./Debugging_stage/Set_P/review-124.txt,4532,4558,Lamb barbacoa
./Debugging_stage/Set_P/review-124.txt,4776,4817,duck confit with Swiss chard
./Debugging_stage/Set_P/review-124.txt,4819,4867,lobster with field corn and epazote
./Debugging_stage/Set_P/review-124.txt,5358,5380,longaniza
./Debugging_stage/Set_P/review-125.txt,1384,1427,fried chicken with white gravy
./Debugging_stage/Set_P/review-125.txt,1615,1642,chicken breast
./Debugging_stage/Set_P/review-125.txt,2131,2153,pork chop
./Debugging_stage/Set_P/review-125.txt,2155,2193,Apeksha’s coconut curry
./Debugging_stage/Set_P/review-126.txt,1795,1836,"Brazilian fisherman’s
stew"
./Debugging_stage/Set_P/review-126.txt,2158,2190,smashed fingerlings
./Debugging_stage/Set_P/review-126.txt,2477,2508,smoked chicken leg
./Debugging_stage/Set_P/review-126.txt,3162,3187,grilled kale
./Debugging_stage/Set_P/review-126.txt,3815,3857,chocolate cake with hazelnuts
./Debugging_stage/Set_P/review-126.txt,4513,4542,grass-fed burger
./Debugging_stage/Set_P/review-126.txt,5423,5448,French fries
./Debugging_stage/Set_P/review-127.txt,341,368,baked Gruyère
./Debugging_stage/Set_P/review-127.txt,1309,1341,macaroni and cheese
./Debugging_stage/Set_P/review-127.txt,1573,1602,"truffled
gnocchi"
./Debugging_stage/Set_P/review-127.txt,2869,2892,prime beef
./Debugging_stage/Set_P/review-127.txt,3920,3948,shrimp cocktail
./Debugging_stage/Set_P/review-127.txt,4280,4298,sushi
./Debugging_stage/Set_P/review-127.txt,5365,5393,crêpe soufflé
./Debugging_stage/Set_P/review-128.txt,79,98,tamale
./Debugging_stage/Set_P/review-128.txt,282,302,Mussels
./Debugging_stage/Set_P/review-128.txt,338,358,chorizo
./Debugging_stage/Set_P/review-128.txt,1622,1647,crab tostada
./Debugging_stage/Set_P/review-128.txt,1808,1832,Huitlacoche
./Debugging_stage/Set_P/review-128.txt,2172,2210,proto-Rice Krispies Treat
./Debugging_stage/Set_P/review-128.txt,2614,2637,Short ribs
./Debugging_stage/Set_P/review-128.txt,2923,2945,pork chop
./Debugging_stage/Set_P/review-128.txt,3063,3110,"mole de
Querétaro rich with cacao"
./Debugging_stage/Set_P/review-129.txt,288,321,chicken scarpariello
./Debugging_stage/Set_P/review-129.txt,1828,1852,country ham
./Debugging_stage/Set_P/review-129.txt,1938,1976,no-cheese Sicilian pizza 
./Debugging_stage/Set_P/review-129.txt,2095,2124,tart giardiniera
./Debugging_stage/Set_P/review-129.txt,2141,2166,garlic bread
./Debugging_stage/Set_P/review-129.txt,2219,2242,fig grappa
./Debugging_stage/Set_P/review-129.txt,2268,2291,limoncello
./Debugging_stage/Set_P/review-129.txt,2506,2528,veal parm
./Debugging_stage/Set_P/review-129.txt,3053,3085,lobster fra diavolo
./Debugging_stage/Set_P/review-129.txt,3448,3475,zuppa di pesce
./Debugging_stage/Set_P/review-129.txt,3705,3772,"tortellini stuffed with whipped sheep’s milk
ricotta"
./Debugging_stage/Set_P/review-129.txt,4082,4116,Carbone’s tiramisù
./Debugging_stage/Set_P/review-129.txt,5188,5217,lemon cheesecake
./Debugging_stage/Set_P/review-129.txt,5389,5423,creamy ricotta salata
./Debugging_stage/Set_P/review-129.txt,5431,5456,Caesar salad
./Debugging_stage/Set_P/review-130.txt,99,128,pot of pho broth
./Debugging_stage/Set_P/review-130.txt,2235,2278,"shrimp
deep-fried in the shell"
./Debugging_stage/Set_P/review-130.txt,2573,2596,Suon nuong
./Debugging_stage/Set_P/review-130.txt,2758,2778,Banh mi
./Debugging_stage/Set_P/review-130.txt,2929,2955,Chicken curry
./Debugging_stage/Set_P/review-130.txt,3093,3122,rice-paper pizza
./Debugging_stage/Set_P/review-131.txt,83,101,tacos
./Debugging_stage/Set_P/review-131.txt,364,384,suadero
./Debugging_stage/Set_P/review-131.txt,1778,1800,tortillas
./Debugging_stage/Set_P/review-131.txt,1967,1990,cebollitas
./Debugging_stage/Set_P/review-131.txt,2412,2431,cabeza
./Debugging_stage/Set_P/review-131.txt,2736,2757,barbacoa
./Debugging_stage/Set_P/review-131.txt,2988,3006,Oreja
./Debugging_stage/Set_P/review-131.txt,3441,3462,Gorditas
./Debugging_stage/Set_P/review-131.txt,3744,3765,huaxmole
./Debugging_stage/Set_P/review-131.txt,3879,3908,Tostadas de pata
./Debugging_stage/Set_P/review-132.txt,59,78,shrimp
./Debugging_stage/Set_P/review-132.txt,983,1012,barbecue chicken
./Debugging_stage/Set_P/review-132.txt,1017,1042,pork skewers
./Debugging_stage/Set_P/review-132.txt,1719,1741,beef stew
./Debugging_stage/Set_P/review-132.txt,2218,2244,chicken wings
./Debugging_stage/Set_P/review-132.txt,2276,2298,bola bola
./Debugging_stage/Set_P/review-132.txt,2379,2398,callos
./Debugging_stage/Set_P/review-132.txt,2505,2524,liempo
./Debugging_stage/Set_P/review-132.txt,2526,2549,pork belly
./Debugging_stage/Set_P/review-132.txt,3166,3193,yellowfin tuna
./Debugging_stage/Set_P/review-132.txt,4101,4124,leche flan
./Debugging_stage/Set_P/review-132.txt,4165,4198,"chewy tapioca
pearls"
./Debugging_stage/Set_P/review-132.txt,4236,4257,bibingka
./Debugging_stage/Set_P/review-132.txt,4585,4609,kesong puti
./Debugging_stage/Set_P/review-133.txt,482,502,mussels
./Debugging_stage/Set_P/review-133.txt,713,745,Geisha Girl mussels
./Debugging_stage/Set_P/review-133.txt,925,953,Acadian mussels
./Debugging_stage/Set_P/review-133.txt,1037,1062,Thai mussels
./Debugging_stage/Set_P/review-133.txt,2932,2963,broth-soaked bread
./Debugging_stage/Set_P/review-133.txt,3182,3216,"smoked
bacon and corn"
./Debugging_stage/Set_P/review-133.txt,3242,3265,the Bisque
./Debugging_stage/Set_P/review-133.txt,3721,3759,bacon on an iceberg wedge
./Debugging_stage/Set_P/review-133.txt,4023,4050,fried calamari
./Debugging_stage/Set_P/review-133.txt,4085,4108,crab cakes
./Debugging_stage/Set_P/review-133.txt,4455,4480,lobster roll
./Debugging_stage/Set_P/review-133.txt,4499,4526,fish and chips
./Debugging_stage/Set_P/review-133.txt,4948,4976,lobster tempura
./Debugging_stage/Set_P/review-133.txt,4998,5023,wasabi aioli
./Debugging_stage/Set_P/review-134.txt,272,300,grilled sausage
./Debugging_stage/Set_P/review-134.txt,720,749,fried pork rinds
./Debugging_stage/Set_P/review-134.txt,765,800,steamed kabocha squash
./Debugging_stage/Set_P/review-134.txt,4143,4191,salad of grilled and minced catfish
./Debugging_stage/Set_P/review-134.txt,4555,4573,sadao
./Debugging_stage/Set_P/review-134.txt,4664,4681,laap
./Debugging_stage/Set_P/review-134.txt,6184,6223,mussels with garlic chives
./Debugging_stage/Set_P/review-135.txt,404,441,grilled Chilean sea bass
./Debugging_stage/Set_P/review-135.txt,445,478,wok-fried lamb chops
./Debugging_stage/Set_P/review-135.txt,2886,2906,dim sum
./Debugging_stage/Set_P/review-135.txt,3128,3151,Wagyu beef
./Debugging_stage/Set_P/review-135.txt,4018,4040,pipa duck
./Debugging_stage/Set_P/review-135.txt,4362,4400,spicy roast ma la chicken
./Debugging_stage/Set_P/review-135.txt,4784,4819,udon noodles with duck
./Debugging_stage/Set_P/review-136.txt,2088,2108,sausage
./Debugging_stage/Set_P/review-136.txt,2133,2154,pastrami
./Debugging_stage/Set_P/review-136.txt,2228,2247,Feteer
./Debugging_stage/Set_P/review-136.txt,2643,2676,falafel and shawarma
./Debugging_stage/Set_P/review-136.txt,2743,2783,nutmeg-laced chicken kebabs
./Debugging_stage/Set_P/review-136.txt,2788,2821,beef-and-lamb koftas
./Debugging_stage/Set_P/review-136.txt,2954,2973,mombar
./Debugging_stage/Set_P/review-137.txt,490,528,banana-Nutella sandwiches
./Debugging_stage/Set_P/review-137.txt,1357,1382,nam prik pao
./Debugging_stage/Set_P/review-137.txt,1713,1758,dried shrimp and roasted peanuts
./Debugging_stage/Set_P/review-137.txt,2044,2094,"gai yang,
Isan-style barbecue chicken"
./Debugging_stage/Set_P/review-137.txt,2803,2820,larb
./Debugging_stage/Set_P/review-137.txt,3941,3960,crepes
./Debugging_stage/Set_P/review-138.txt,718,774,duck breast preening under a ginger lacquer
./Debugging_stage/Set_P/review-138.txt,824,847,short ribs
./Debugging_stage/Set_P/review-138.txt,928,958,spring-green stew
./Debugging_stage/Set_P/review-138.txt,2047,2075,spinach risotto
./Debugging_stage/Set_P/review-138.txt,2186,2243,"al dente rice emulsified with
spinach purée"
./Debugging_stage/Set_P/review-138.txt,2411,2433,cavatelli
./Debugging_stage/Set_P/review-138.txt,2629,2654,parsnip soup
./Debugging_stage/Set_P/review-138.txt,2696,2733,portobello mushroom tart
./Debugging_stage/Set_P/review-138.txt,3017,3042,fried capers
./Debugging_stage/Set_P/review-001.txt,390,431,classic Trinidadian sandwich
./Debugging_stage/Set_P/review-001.txt,1026,1052,chicken pelau
./Debugging_stage/Set_P/review-001.txt,1375,1407,blackened fruitcake
./Debugging_stage/Set_P/review-002.txt,4013,4032,Caesar
./Debugging_stage/Set_P/review-002.txt,4816,4844,clams oreganata
./Debugging_stage/Set_P/review-002.txt,4874,4902,West Coast Gigi
./Debugging_stage/Set_P/review-002.txt,5323,5341,steak
./Debugging_stage/Set_P/review-002.txt,5469,5489,lobster
./Debugging_stage/Set_P/review-002.txt,5528,5553,veal Marsala
./Debugging_stage/Set_P/review-002.txt,5559,5584,chicken parm
./Debugging_stage/Set_P/review-002.txt,5689,5706,crab
./Debugging_stage/Set_P/review-002.txt,5734,5762,mashed potatoes
./Debugging_stage/Set_P/review-002.txt,5766,5787,broccoli
./Debugging_stage/Set_P/review-002.txt,5791,5809,fries
./Debugging_stage/Set_P/review-002.txt,5897,5925,creamed spinach
./Debugging_stage/Set_P/review-002.txt,5930,5954,hash browns
./Debugging_stage/Set_P/review-002.txt,6752,6778,crab cocktail
./Debugging_stage/Set_P/review-002.txt,6780,6804,baked clams
./Debugging_stage/Set_P/review-002.txt,6852,6875,cheesecake
./Debugging_stage/Set_P/review-003.txt,92,111,shrimp
./Debugging_stage/Set_P/review-003.txt,309,330,ssamjang
./Debugging_stage/Set_P/review-003.txt,657,685,wilting arugula
./Debugging_stage/Set_P/review-003.txt,1266,1289,beet salad
./Debugging_stage/Set_P/review-003.txt,1385,1405,Oysters
./Debugging_stage/Set_P/review-003.txt,1582,1603,yakamein
./Debugging_stage/Set_P/review-003.txt,1683,1711,Malaysian laksa
./Debugging_stage/Set_P/review-003.txt,2113,2140,shrimp ceviche
./Debugging_stage/Set_P/review-003.txt,2634,2659,kamado grill
./Debugging_stage/Set_P/review-003.txt,2999,3025,Brisket jerky
./Debugging_stage/Set_P/review-003.txt,3284,3311,Nasi ulam rice
./Debugging_stage/Set_P/review-004.txt,147,182,red curry grilled duck
./Debugging_stage/Set_P/review-004.txt,1840,1865,chicken laab
./Debugging_stage/Set_P/review-004.txt,2185,2210,papaya salad
./Debugging_stage/Set_P/review-004.txt,2218,2239,Khao soi
./Debugging_stage/Set_P/review-004.txt,2457,2478,Pad thai
./Debugging_stage/Set_P/review-004.txt,2560,2580,lobster
./Debugging_stage/Set_P/review-004.txt,2643,2668,rice noodles
./Debugging_stage/Set_P/review-004.txt,2801,2828,massaman curry
./Debugging_stage/Set_P/review-004.txt,3053,3078,chicken soup
./Debugging_stage/Set_P/review-004.txt,3112,3137,corn chowder
./Debugging_stage/Set_P/review-005.txt,748,768,hot dog
./Debugging_stage/Set_P/review-005.txt,1887,1907,sausage
./Debugging_stage/Set_P/review-005.txt,2685,2709,brisket dog
./Debugging_stage/Set_P/review-005.txt,2774,2804,Cheddar bratwurst
./Debugging_stage/Set_P/review-005.txt,2950,2977,Cuban sandwich
./Debugging_stage/Set_P/review-005.txt,3240,3258,tacos
./Debugging_stage/Set_P/review-005.txt,3393,3415,tortillas
./Debugging_stage/Set_P/review-005.txt,3685,3717,Calexico’s nachos
./Debugging_stage/Set_P/review-005.txt,4027,4053,chicken wings
./Debugging_stage/Set_P/review-005.txt,4121,4151,Chicken McNuggets
./Debugging_stage/Set_P/review-005.txt,4195,4225,Chicken meatballs
./Debugging_stage/Set_P/review-005.txt,4468,4488,brioche
./Debugging_stage/Set_P/review-005.txt,4500,4518,gnudi
./Debugging_stage/Set_P/review-005.txt,4624,4649,banh mi roll
./Debugging_stage/Set_P/review-005.txt,4668,4695,mac and cheese
./Debugging_stage/Set_P/review-005.txt,5483,5515,pretzels and toffee
./Debugging_stage/Set_P/review-005.txt,5571,5596,potato chips
./Debugging_stage/Set_P/review-005.txt,5759,5791,Rice Krispies treat
./Debugging_stage/Set_P/review-005.txt,5978,6021,dark chocolate and caramel bar
./Debugging_stage/Set_P/review-006.txt,248,270,hand roll
./Debugging_stage/Set_P/review-006.txt,291,316,rice and ume
./Debugging_stage/Set_P/review-006.txt,491,509,sushi
./Debugging_stage/Set_P/review-006.txt,2103,2122,nigiri
./Debugging_stage/Set_P/review-006.txt,2254,2275,mackerel
./Debugging_stage/Set_P/review-006.txt,2319,2337,ikura
./Debugging_stage/Set_P/review-006.txt,2339,2362,salmon roe
./Debugging_stage/Set_P/review-006.txt,2570,2592,kani miso
./Debugging_stage/Set_P/review-006.txt,2936,2955,nikiri
./Debugging_stage/Set_P/review-006.txt,3091,3110,Edomae
./Debugging_stage/Set_P/review-006.txt,3362,3382,hamachi
./Debugging_stage/Set_P/review-006.txt,3563,3585,tuna roll
./Debugging_stage/Set_P/review-006.txt,3816,3832,uni
./Debugging_stage/Set_P/review-006.txt,3834,3857,sea urchin
./Debugging_stage/Set_P/review-007.txt,911,946,roasted chicken breast
./Debugging_stage/Set_P/review-007.txt,986,1017,celery root purée
./Debugging_stage/Set_P/review-007.txt,1071,1095,deviled egg
./Debugging_stage/Set_P/review-007.txt,1105,1133,mashed potatoes
./Debugging_stage/Set_P/review-007.txt,1983,2014,brown rice noodles
./Debugging_stage/Set_P/review-007.txt,2090,2143,pistachios as crunch (chopped) and cream
./Debugging_stage/Set_P/review-007.txt,2245,2274,brussels sprouts
./Debugging_stage/Set_P/review-007.txt,2519,2547,chickpea burger
./Debugging_stage/Set_P/review-007.txt,2553,2574,umeboshi
./Debugging_stage/Set_P/review-007.txt,2646,2676,damp salmon cakes
./Debugging_stage/Set_P/review-007.txt,2683,2712,chicken sandwich
./Debugging_stage/Set_P/review-007.txt,2772,2793,zucchini
./Debugging_stage/Set_P/review-007.txt,2998,3025,chicken breast
./Debugging_stage/Set_P/review-007.txt,3371,3403,chocolate shortcake
./Debugging_stage/Set_P/review-008.txt,1891,1912,bucatini
./Debugging_stage/Set_P/review-008.txt,2021,2048,chicken livers
./Debugging_stage/Set_P/review-008.txt,2114,2138,spaghettini
./Debugging_stage/Set_P/review-008.txt,2604,2653,deep-fried hen-of-the-woods mushroom
./Debugging_stage/Set_P/review-008.txt,2942,2962,burrata
./Debugging_stage/Set_P/review-008.txt,3549,3578,grilled branzino
./Debugging_stage/Set_P/review-008.txt,4014,4051,al dente farro spaghetti
./Debugging_stage/Set_P/review-008.txt,4202,4228,grated radish
./Debugging_stage/Set_P/review-009.txt,1521,1543,gochujang
./Debugging_stage/Set_P/review-009.txt,1545,1582,Korean fermented soybean
./Debugging_stage/Set_P/review-009.txt,2261,2283,pork ribs
./Debugging_stage/Set_P/review-009.txt,2389,2413,Onion rings
./Debugging_stage/Set_P/review-009.txt,2976,3004,grated potatoes
./Debugging_stage/Set_P/review-009.txt,3222,3241,waffle
./Debugging_stage/Set_P/review-009.txt,3260,3280,brioche
./Debugging_stage/Set_P/review-009.txt,3306,3331,French toast
./Debugging_stage/Set_P/review-009.txt,3338,3359,broccoli
./Debugging_stage/Set_P/review-009.txt,3509,3534,liver pâté
./Debugging_stage/Set_P/review-009.txt,3872,3902,graham-flour cake
./Debugging_stage/Set_P/review-009.txt,3942,3977,dark chocolate pudding
./Debugging_stage/Set_P/review-010.txt,235,266,well-charred patty
./Debugging_stage/Set_P/review-010.txt,492,523,hamburger sandwich
./Debugging_stage/Set_P/review-010.txt,1733,1779,grilled cheese and apple sandwich
./Debugging_stage/Set_P/review-010.txt,1886,1909,turkey leg
./Debugging_stage/Set_P/review-010.txt,2711,2746,cross-cut marrow bones
./Debugging_stage/Set_P/review-010.txt,3026,3061,Danish pancake nuggets
./Debugging_stage/Set_P/review-010.txt,3133,3155,egg cream
./Debugging_stage/Set_P/review-010.txt,3380,3408,Turkey sandwich
./Debugging_stage/Set_P/review-010.txt,3413,3433,oysters
./Debugging_stage/Set_P/review-011.txt,402,420,steak
./Debugging_stage/Set_P/review-011.txt,2192,2224,Romanian tenderloin
./Debugging_stage/Set_P/review-011.txt,2418,2448,broiled veal chop
./Debugging_stage/Set_P/review-011.txt,2522,2539,tuna
./Debugging_stage/Set_P/review-011.txt,2572,2596,sweetbreads
./Debugging_stage/Set_P/review-011.txt,4289,4332,sweet-and-sour stuffed cabbage
./Debugging_stage/Set_P/review-011.txt,4408,4434,chopped liver
./Debugging_stage/Set_P/review-011.txt,4460,4485,skirt steaks
./Debugging_stage/Set_P/review-011.txt,4490,4513,lamb chops
./Debugging_stage/Set_P/review-011.txt,4538,4579,fried silver-dollar potatoes
./Debugging_stage/Set_P/review-011.txt,4932,4998,Romanian salad of whipped eggplant with green peppers
./Debugging_stage/Set_P/review-011.txt,5004,5031,broiled brains
./Debugging_stage/Set_P/review-011.txt,5033,5060,the mush steak
./Debugging_stage/Set_P/review-011.txt,5062,5085,the pitcha
./Debugging_stage/Set_P/review-011.txt,5089,5118,seasoned gelatin
./Debugging_stage/Set_P/review-011.txt,5164,5194,baked unborn eggs
./Debugging_stage/Set_P/review-012.txt,1814,1832,Gomen
./Debugging_stage/Set_P/review-012.txt,1934,1956,misir wot
./Debugging_stage/Set_P/review-012.txt,2095,2115,Berbere
./Debugging_stage/Set_P/review-012.txt,2607,2633,keysir selata
./Debugging_stage/Set_P/review-012.txt,2857,2876,injera
./Debugging_stage/Set_P/review-012.txt,3651,3669,Vimto
./Debugging_stage/Set_P/review-013.txt,1267,1296,English pea soup
./Debugging_stage/Set_P/review-013.txt,2958,2987,Japanese snapper
./Debugging_stage/Set_P/review-013.txt,3037,3075,Fluke with pickled daikon
./Debugging_stage/Set_P/review-013.txt,3079,3099,scallop
./Debugging_stage/Set_P/review-013.txt,3149,3191,King crab with yuzu marmalade
./Debugging_stage/Set_P/review-013.txt,3259,3280,kumamoto
./Debugging_stage/Set_P/review-013.txt,3340,3360,octopus
./Debugging_stage/Set_P/review-013.txt,3419,3451,Langoustine tempura
./Debugging_stage/Set_P/review-013.txt,3474,3519,Fried monkfish liver with sansho
./Debugging_stage/Set_P/review-013.txt,3543,3565,Lump crab
./Debugging_stage/Set_P/review-013.txt,3567,3595,Ahi with ginger
./Debugging_stage/Set_P/review-013.txt,3597,3632,Salmon with trout eggs
./Debugging_stage/Set_P/review-013.txt,3643,3711,fried potato chip threaded with sage and a tiny sardine
./Debugging_stage/Set_P/review-013.txt,3713,3748,Folds of soy-milk skin
./Debugging_stage/Set_P/review-013.txt,4170,4191,Sea bass
./Debugging_stage/Set_P/review-013.txt,4257,4277,Rhubarb
./Debugging_stage/Set_P/review-013.txt,4351,4369,madai
./Debugging_stage/Set_P/review-013.txt,4576,4593,lamb
./Debugging_stage/Set_P/review-014.txt,714,739,roasted pork
./Debugging_stage/Set_P/review-014.txt,923,941,balut
./Debugging_stage/Set_P/review-014.txt,2084,2101,meat
./Debugging_stage/Set_P/review-014.txt,2171,2197,tilapia fried
./Debugging_stage/Set_P/review-014.txt,2307,2330,tuna belly
./Debugging_stage/Set_P/review-014.txt,2412,2438,chicken adobo
./Debugging_stage/Set_P/review-014.txt,2530,2547,pork
./Debugging_stage/Set_P/review-014.txt,2629,2653,crispy pata
./Debugging_stage/Set_P/review-014.txt,2768,2789,dynamite
./Debugging_stage/Set_P/review-014.txt,3166,3194,salted duck egg
./Debugging_stage/Set_P/review-014.txt,3213,3236,longganisa
./Debugging_stage/Set_P/review-014.txt,3729,3754,banana turon
./Debugging_stage/Set_P/review-015.txt,86,105,rabbit
./Debugging_stage/Set_P/review-015.txt,1150,1172,Sea bream
./Debugging_stage/Set_P/review-015.txt,1388,1427,slow-roasted lamb shoulder
./Debugging_stage/Set_P/review-015.txt,1455,1476,malawach
./Debugging_stage/Set_P/review-015.txt,1604,1626,flatbread
./Debugging_stage/Set_P/review-015.txt,1846,1885,lamb and bulgur croquettes
./Debugging_stage/Set_P/review-015.txt,1921,1940,kibbeh
./Debugging_stage/Set_P/review-015.txt,2012,2035,sweet corn
./Debugging_stage/Set_P/review-015.txt,2037,2057,ricotta
./Debugging_stage/Set_P/review-015.txt,2094,2123,hummus masabacha
./Debugging_stage/Set_P/review-015.txt,2230,2248,squid
./Debugging_stage/Set_P/review-015.txt,2523,2548,basmati rice
./Debugging_stage/Set_P/review-015.txt,2629,2666,peach and grilled tomato
./Debugging_stage/Set_P/review-015.txt,2722,2745,Pepquiños
./Debugging_stage/Set_P/review-015.txt,2991,3015,panna cotta
./Debugging_stage/Set_P/review-016.txt,151,177,veal entrails
./Debugging_stage/Set_P/review-016.txt,350,372,kuchmachi
./Debugging_stage/Set_P/review-016.txt,1809,1841,adjaruli khachapuri
./Debugging_stage/Set_P/review-016.txt,2180,2200,imeruli
./Debugging_stage/Set_P/review-016.txt,2419,2439,nadughi
./Debugging_stage/Set_P/review-016.txt,2495,2532,cheese-stuffed mushrooms
./Debugging_stage/Set_P/review-016.txt,2634,2653,elarji
./Debugging_stage/Set_P/review-016.txt,2802,2828,Khmeli-suneli
./Debugging_stage/Set_P/review-016.txt,3081,3101,mtsvadi
./Debugging_stage/Set_P/review-016.txt,3127,3144,Lamb
./Debugging_stage/Set_P/review-016.txt,3336,3357,Khinkali
./Debugging_stage/Set_P/review-016.txt,3505,3561,sturgeon submerged in a watery walnut sauce
./Debugging_stage/Set_P/review-016.txt,3584,3602,ghomi
./Debugging_stage/Set_P/review-016.txt,3604,3623,elarji
./Debugging_stage/Set_P/review-016.txt,3705,3742,apple and lemon meringue
./Debugging_stage/Set_P/review-017.txt,869,899,shiso chimichurri
./Debugging_stage/Set_P/review-017.txt,1152,1186,soy cooked with mirin
./Debugging_stage/Set_P/review-017.txt,1203,1227,chimichurri
./Debugging_stage/Set_P/review-017.txt,1538,1565,fillets of ayu
./Debugging_stage/Set_P/review-017.txt,1750,1777,ham deep-fried
./Debugging_stage/Set_P/review-017.txt,1879,1904,Nobu classic
./Debugging_stage/Set_P/review-017.txt,2004,2036,grape tomato halves
./Debugging_stage/Set_P/review-017.txt,2238,2290,"goat cheese, white chocolate and wasabi"
./Debugging_stage/Set_P/review-017.txt,3382,3402,sashimi
./Debugging_stage/Set_P/review-017.txt,3432,3450,sushi
./Debugging_stage/Set_P/review-017.txt,3574,3599,soba noodles
./Debugging_stage/Set_P/review-017.txt,5270,5303,sage-roasted chicken
./Debugging_stage/Set_P/review-017.txt,5307,5349,short rib braised in red wine
./Debugging_stage/Set_P/review-017.txt,5702,5734,cured and raw crudi
./Debugging_stage/Set_P/review-017.txt,5755,5780,bay scallops
./Debugging_stage/Set_P/review-017.txt,5844,5863,pastas
./Debugging_stage/Set_P/review-018.txt,967,985,Tacos
./Debugging_stage/Set_P/review-018.txt,1045,1069,beef tongue
./Debugging_stage/Set_P/review-018.txt,1525,1557,soft corn tortillas
./Debugging_stage/Set_P/review-018.txt,1896,1925,tacos with rajas
./Debugging_stage/Set_P/review-018.txt,1984,2021,Shrimp in chipotle sauce
./Debugging_stage/Set_P/review-018.txt,2041,2072,Pescado zarandeado
./Debugging_stage/Set_P/review-018.txt,2595,2619,quesadillas
./Debugging_stage/Set_P/review-018.txt,2906,2927,gorditas
./Debugging_stage/Set_P/review-018.txt,3270,3294,Black beans
./Debugging_stage/Set_P/review-018.txt,3384,3414,enchiladas suizas
./Debugging_stage/Set_P/review-018.txt,3522,3550,sopa de verdura
./Debugging_stage/Set_P/review-018.txt,3699,3725,torta ahogada
./Debugging_stage/Set_P/review-018.txt,4488,4506,Tacos
./Debugging_stage/Set_P/review-018.txt,4508,4529,gorditas
./Debugging_stage/Set_P/review-018.txt,4531,4555,quesadillas
./Debugging_stage/Set_P/review-018.txt,4557,4583,torta ahogada
./Debugging_stage/Set_P/review-018.txt,4585,4608,fish pibil
./Debugging_stage/Set_P/review-019.txt,704,728,Iberico ham
./Debugging_stage/Set_P/review-019.txt,851,872,manchego
./Debugging_stage/Set_P/review-019.txt,2269,2295,Huertas rotos
./Debugging_stage/Set_P/review-019.txt,2669,2714,egg salad on a slice of baguette
./Debugging_stage/Set_P/review-019.txt,4483,4529,Padrón peppers and garlic shrimp
./Debugging_stage/Set_P/review-019.txt,4699,4725,separated egg
./Debugging_stage/Set_P/review-019.txt,4896,4914,skate
./Debugging_stage/Set_P/review-019.txt,5234,5256,chistorra
./Debugging_stage/Set_P/review-019.txt,5485,5520,goat-cheese cheesecake
./Debugging_stage/Set_P/review-019.txt,6186,6207,croqueta
./Debugging_stage/Set_P/review-020.txt,1640,1665,laphet thoke
./Debugging_stage/Set_P/review-020.txt,2118,2143,ginger salad
./Debugging_stage/Set_P/review-020.txt,2362,2384,Pork jowl
./Debugging_stage/Set_P/review-020.txt,2630,2654,yellow tofu
./Debugging_stage/Set_P/review-020.txt,2742,2770,mung-bean jelly
./Debugging_stage/Set_P/review-020.txt,3014,3031,pork
./Debugging_stage/Set_P/review-020.txt,3113,3142,Rice noodle soup
./Debugging_stage/Set_P/review-020.txt,3461,3488,boiled seafood
./Debugging_stage/Set_P/review-021.txt,1451,1476,aloo paratha
./Debugging_stage/Set_P/review-021.txt,1668,1692,masala eggs
./Debugging_stage/Set_P/review-021.txt,2026,2047,fig cake
./Debugging_stage/Set_P/review-021.txt,2150,2182,honey mesquite cake
./Debugging_stage/Set_P/review-021.txt,2621,2646,Beet uttapam
./Debugging_stage/Set_P/review-021.txt,3032,3055,lamb keema
./Debugging_stage/Set_P/review-021.txt,3103,3124,frankies
./Debugging_stage/Set_P/review-021.txt,3137,3156,salads
./Debugging_stage/Set_P/review-021.txt,3255,3278,Chicken 25
./Debugging_stage/Set_P/review-021.txt,3444,3473,sayel lamb kofta
./Debugging_stage/Set_P/review-021.txt,3617,3641,meat samosa
./Debugging_stage/Set_P/review-021.txt,3739,3763,Papdi chaat
./Debugging_stage/Set_P/review-021.txt,3960,3983,fried okra
./Debugging_stage/Set_P/review-021.txt,4115,4138,desi fries
./Debugging_stage/Set_P/review-021.txt,4374,4394,cookies
./Debugging_stage/Set_P/review-021.txt,4529,4552,lemon bars
./Debugging_stage/Set_P/review-021.txt,5365,5402,tamarind-marinated quail
./Debugging_stage/Set_P/review-021.txt,5458,5483,lamb skewers
./Debugging_stage/Set_P/review-021.txt,5544,5568,saag paneer
./Debugging_stage/Set_P/review-021.txt,5702,5744,saag paneer made with spinach
./Debugging_stage/Set_P/review-022.txt,1693,1713,dim sum
./Debugging_stage/Set_P/review-022.txt,2058,2086,Dungeness crabs
./Debugging_stage/Set_P/review-022.txt,2756,2774,clams
./Debugging_stage/Set_P/review-022.txt,3161,3187,water spinach
./Debugging_stage/Set_P/review-022.txt,3195,3228,crispy fried chicken
./Debugging_stage/Set_P/review-022.txt,3499,3548,sea scallops in a black pepper sauce
./Debugging_stage/Set_P/review-022.txt,3801,3831,mayonnaise prawns
./Debugging_stage/Set_P/review-022.txt,3940,3965,fried shrimp
./Debugging_stage/Set_P/review-022.txt,4273,4296,goose webs
./Debugging_stage/Set_P/review-022.txt,4317,4338,bok choi
./Debugging_stage/Set_P/review-022.txt,4343,4379,Chinese black mushrooms
./Debugging_stage/Set_P/review-022.txt,4599,4623,screw clams
./Debugging_stage/Set_P/review-022.txt,4817,4847,osmanthus mussels
./Debugging_stage/Set_P/review-022.txt,5042,5076,stir-fried lamb chops
./Debugging_stage/Set_P/review-022.txt,5191,5215,Peking duck
./Debugging_stage/Set_P/review-022.txt,5602,5625,sandwiches
./Debugging_stage/Set_P/review-022.txt,5779,5799,lobster
./Debugging_stage/Set_P/review-022.txt,6212,6239,shark fin soup
./Debugging_stage/Set_P/review-023.txt,999,1021,kwek-kwek
./Debugging_stage/Set_P/review-023.txt,2139,2188,eggplant strewn with salted duck egg
./Debugging_stage/Set_P/review-023.txt,2269,2297,lumpiang sariwa
./Debugging_stage/Set_P/review-023.txt,2445,2462,isaw
./Debugging_stage/Set_P/review-023.txt,2658,2677,omelet
./Debugging_stage/Set_P/review-023.txt,3028,3055,La Paz batchoy
./Debugging_stage/Set_P/review-023.txt,3299,3317,silog
./Debugging_stage/Set_P/review-023.txt,3347,3377,garlic fried rice
./Debugging_stage/Set_P/review-023.txt,3726,3750,arroz caldo
./Debugging_stage/Set_P/review-023.txt,3920,3949,tres leches cake
./Debugging_stage/Set_P/review-024.txt,2226,2255,salad of burdock
./Debugging_stage/Set_P/review-024.txt,2442,2464,Cold tofu
./Debugging_stage/Set_P/review-024.txt,2931,2958,fried potatoes
./Debugging_stage/Set_P/review-024.txt,2998,3026,fluke carpaccio
./Debugging_stage/Set_P/review-024.txt,3190,3216,fried chicken
./Debugging_stage/Set_P/review-024.txt,3244,3271,chicken nanban
./Debugging_stage/Set_P/review-024.txt,3515,3542,beef guts stew
./Debugging_stage/Set_P/review-024.txt,3804,3879,"hayashi rice/dish>, a kind of homage to <dish>beef Bourguignon"
./Debugging_stage/Set_P/review-024.txt,3995,4027,spaghetti Napolitan
./Debugging_stage/Set_P/review-025.txt,925,960,scallops and cavatelli
./Debugging_stage/Set_P/review-025.txt,1647,1677,choucroute garnie
./Debugging_stage/Set_P/review-025.txt,2183,2205,cavatelli
./Debugging_stage/Set_P/review-025.txt,2370,2400,roasted veal loin
./Debugging_stage/Set_P/review-025.txt,2476,2500,duck breast
./Debugging_stage/Set_P/review-025.txt,2651,2673,pork loin
./Debugging_stage/Set_P/review-025.txt,3380,3410,charcuterie plate
./Debugging_stage/Set_P/review-025.txt,3447,3474,duck rillettes
./Debugging_stage/Set_P/review-025.txt,3533,3590,rough-hewed and pistachio-flecked liverwurst
./Debugging_stage/Set_P/review-025.txt,3592,3620,calf’s tongue
./Debugging_stage/Set_P/review-025.txt,3625,3658,chicken liver mousse
./Debugging_stage/Set_P/review-025.txt,3855,3884,foie gras mousse
./Debugging_stage/Set_P/review-025.txt,4212,4246,Fried soft-shell crab
./Debugging_stage/Set_P/review-025.txt,4848,4879,chocolate soufflé
./Debugging_stage/Set_P/review-025.txt,5083,5113,gratin dauphinois
./Debugging_stage/Set_P/review-025.txt,5134,5164,charcuterie plate
./Debugging_stage/Set_P/review-026.txt,915,940,radish cakes
./Debugging_stage/Set_P/review-026.txt,942,967,noodle soups
./Debugging_stage/Set_P/review-026.txt,994,1019,coconut rice
./Debugging_stage/Set_P/review-026.txt,1041,1070,beef-filled roti
./Debugging_stage/Set_P/review-026.txt,1736,1760,carrot cake
./Debugging_stage/Set_P/review-026.txt,1799,1831,Daikon radish cakes
./Debugging_stage/Set_P/review-026.txt,1848,1873,turnip cakes
./Debugging_stage/Set_P/review-026.txt,2252,2272,Oh luak
./Debugging_stage/Set_P/review-026.txt,2553,2584,fried whole prawns
./Debugging_stage/Set_P/review-026.txt,2757,2776,sambal
./Debugging_stage/Set_P/review-026.txt,2844,2874,tofu skin wrapper
./Debugging_stage/Set_P/review-026.txt,3461,3488,char kway teow
./Debugging_stage/Set_P/review-026.txt,3568,3595,shrimp lo mein
./Debugging_stage/Set_P/review-026.txt,3633,3662,nyonya chap chye
./Debugging_stage/Set_P/review-026.txt,3837,3872,Hainanese chicken rice
./Debugging_stage/Set_P/review-026.txt,5020,5045,Lamb rendang
./Debugging_stage/Set_P/review-026.txt,5235,5265,durian cream puff
./Debugging_stage/Set_P/review-026.txt,5428,5477,bananas fried in a mochi-like batter
./Debugging_stage/Set_P/review-026.txt,5481,5556,sweet potatoes and taro bobbing in a warm coconut-tapioca soup
./Debugging_stage/Set_P/review-026.txt,6280,6306,kerabu sotong
./Debugging_stage/Set_P/review-027.txt,1397,1420,ewa oloyin
./Debugging_stage/Set_P/review-027.txt,1422,1446,honey beans
./Debugging_stage/Set_P/review-027.txt,1467,1495,black-eyed peas
./Debugging_stage/Set_P/review-027.txt,1497,1515,egusi
./Debugging_stage/Set_P/review-027.txt,1578,1597,jollof
./Debugging_stage/Set_P/review-027.txt,2371,2389,banga
./Debugging_stage/Set_P/review-027.txt,2475,2499,Peanut soup
./Debugging_stage/Set_P/review-027.txt,2616,2638,Okra soup
./Debugging_stage/Set_P/review-028.txt,300,322,tuna roll
./Debugging_stage/Set_P/review-028.txt,2066,2115,truffle maki roll topped with caviar
./Debugging_stage/Set_P/review-028.txt,2123,2168,caviar roll topped with truffles
./Debugging_stage/Set_P/review-028.txt,2243,2279,Fat-streaked tuna belly
./Debugging_stage/Set_P/review-028.txt,3088,3114,sushi omakase
./Debugging_stage/Set_P/review-028.txt,3414,3439,mountain yam
./Debugging_stage/Set_P/review-028.txt,5695,5721,sushi omakase
./Debugging_stage/Set_P/review-028.txt,5979,6007,shirako tempura
./Debugging_stage/Set_P/review-029.txt,211,229,dhedo
./Debugging_stage/Set_P/review-029.txt,941,959,Dhedo
./Debugging_stage/Set_P/review-029.txt,1888,1909,sel roti
./Debugging_stage/Set_P/review-029.txt,2656,2675,sukuti
./Debugging_stage/Set_P/review-029.txt,2856,2882,chicken curry
./Debugging_stage/Set_P/review-029.txt,2993,3024,goat-stomach curry
./Debugging_stage/Set_P/review-029.txt,3030,3048,momos
./Debugging_stage/Set_P/review-029.txt,3425,3448,samay baji
./Debugging_stage/Set_P/review-029.txt,3605,3633,sandheko waiwai
